<?xml version="1.0" encoding="utf-8"?>
<!--

    Licensed under European Union Public Licence (EUPL) version 1.2.

-->
<!-- XML instance generated by Andreas Pelekies -->
<!-- Example 6: Minimum content for EN16931 -->
<!-- Timestamp: 2017-08-24 00:00:00 +0200 -->
<rsm:CrossIndustryInvoice xmlns:xsi="http://www.w3.org/2001/XMLSchema-instance"
 xsi:schemaLocation="urn:un:unece:uncefact:data:standard:CrossIndustryInvoice:100"
 xmlns:qdt="urn:un:unece:uncefact:data:standard:QualifiedDataType:100"
 xmlns:udt="urn:un:unece:uncefact:data:standard:UnqualifiedDataType:100"
 xmlns:rsm="urn:un:unece:uncefact:data:standard:CrossIndustryInvoice:100"
 xmlns:ram="urn:un:unece:uncefact:data:standard:ReusableAggregateBusinessInformationEntity:100">
    <rsm:ExchangedDocumentContext>
        <ram:GuidelineSpecifiedDocumentContextParameter>
            <ram:ID>urn:cen.eu:en16931:2017</ram:ID>
        </ram:GuidelineSpecifiedDocumentContextParameter>
    </rsm:ExchangedDocumentContext>
    <rsm:ExchangedDocument>
        <ram:ID>TOSL110</ram:ID>
        <ram:TypeCode>380</ram:TypeCode>
        <ram:IssueDateTime>
            <udt:DateTimeString format="102">20130410</udt:DateTimeString>
        </ram:IssueDateTime>
    </rsm:ExchangedDocument>
    <rsm:SupplyChainTradeTransaction>
        <ram:IncludedSupplyChainTradeLineItem>
            <ram:AssociatedDocumentLineDocument>
                <ram:LineID>1</ram:LineID>
            </ram:AssociatedDocumentLineDocument>
            <ram:SpecifiedTradeProduct>
                <ram:Name>Printing paper</ram:Name>
            </ram:SpecifiedTradeProduct>
            <ram:SpecifiedLineTradeAgreement>
                <ram:NetPriceProductTradePrice>
                    <ram:ChargeAmount>1</ram:ChargeAmount>
                </ram:NetPriceProductTradePrice>
            </ram:SpecifiedLineTradeAgreement>
            <ram:SpecifiedLineTradeDelivery>
                <ram:BilledQuantity unitCode="C62">1000</ram:BilledQuantity>
            </ram:SpecifiedLineTradeDelivery>
            <ram:SpecifiedLineTradeSettlement>
                <ram:ApplicableTradeTax>
                    <ram:TypeCode>VAT</ram:TypeCode>
                    <ram:CategoryCode>S</ram:CategoryCode>
                    <ram:RateApplicablePercent>25</ram:RateApplicablePercent>
                </ram:ApplicableTradeTax>
                <ram:SpecifiedTradeSettlementLineMonetarySummation>
                    <ram:LineTotalAmount>1000</ram:LineTotalAmount>
                </ram:SpecifiedTradeSettlementLineMonetarySummation>
            </ram:SpecifiedLineTradeSettlement>
        </ram:IncludedSupplyChainTradeLineItem>
        <ram:IncludedSupplyChainTradeLineItem>
            <ram:AssociatedDocumentLineDocument>
                <ram:LineID>2</ram:LineID>
            </ram:AssociatedDocumentLineDocument>
            <ram:SpecifiedTradeProduct>
                <ram:Name>Parker Pen</ram:Name>
            </ram:SpecifiedTradeProduct>
            <ram:SpecifiedLineTradeAgreement>
                <ram:NetPriceProductTradePrice>
                    <ram:ChargeAmount>5</ram:ChargeAmount>
                </ram:NetPriceProductTradePrice>
            </ram:SpecifiedLineTradeAgreement>
            <ram:SpecifiedLineTradeDelivery>
                <ram:BilledQuantity unitCode="C62">100</ram:BilledQuantity>
            </ram:SpecifiedLineTradeDelivery>
            <ram:SpecifiedLineTradeSettlement>
                <ram:ApplicableTradeTax>
                    <ram:TypeCode>VAT</ram:TypeCode>
                    <ram:CategoryCode>S</ram:CategoryCode>
                    <ram:RateApplicablePercent>25</ram:RateApplicablePercent>
                </ram:ApplicableTradeTax>
                <ram:SpecifiedTradeSettlementLineMonetarySummation>
                    <ram:LineTotalAmount>500</ram:LineTotalAmount>
                </ram:SpecifiedTradeSettlementLineMonetarySummation>
            </ram:SpecifiedLineTradeSettlement>
        </ram:IncludedSupplyChainTradeLineItem>
        <ram:IncludedSupplyChainTradeLineItem>
            <ram:AssociatedDocumentLineDocument>
                <ram:LineID>3</ram:LineID>
            </ram:AssociatedDocumentLineDocument>
            <ram:SpecifiedTradeProduct>
                <ram:Name>American Cookies</ram:Name>
            </ram:SpecifiedTradeProduct>
            <ram:SpecifiedLineTradeAgreement>
                <ram:NetPriceProductTradePrice>
                    <ram:ChargeAmount>5</ram:ChargeAmount>
                </ram:NetPriceProductTradePrice>
            </ram:SpecifiedLineTradeAgreement>
            <ram:SpecifiedLineTradeDelivery>
                <ram:BilledQuantity unitCode="C62">500</ram:BilledQuantity>
            </ram:SpecifiedLineTradeDelivery>
            <ram:SpecifiedLineTradeSettlement>
                <ram:ApplicableTradeTax>
                    <ram:TypeCode>VAT</ram:TypeCode>
                    <ram:CategoryCode>S</ram:CategoryCode>
                    <ram:RateApplicablePercent>12</ram:RateApplicablePercent>
                </ram:ApplicableTradeTax>
                <ram:SpecifiedTradeSettlementLineMonetarySummation>
                    <ram:LineTotalAmount>2500</ram:LineTotalAmount>
                </ram:SpecifiedTradeSettlementLineMonetarySummation>
            </ram:SpecifiedLineTradeSettlement>
        </ram:IncludedSupplyChainTradeLineItem>
        <ram:ApplicableHeaderTradeAgreement>
            <ram:SellerTradeParty>
                <ram:Name>SellerCompany</ram:Name>
                <ram:PostalTradeAddress>
                    <ram:CountryID>DK</ram:CountryID>
                </ram:PostalTradeAddress>
                <ram:SpecifiedTaxRegistration>
                    <ram:ID schemeID="VA">DK123456789MVA</ram:ID>
                </ram:SpecifiedTaxRegistration>
            </ram:SellerTradeParty>
            <ram:BuyerTradeParty>
                <ram:Name>Buyercompany ltd</ram:Name>
                <ram:PostalTradeAddress>
                    <ram:CountryID>DK</ram:CountryID>
                </ram:PostalTradeAddress>
            </ram:BuyerTradeParty>
        </ram:ApplicableHeaderTradeAgreement>
        <ram:ApplicableHeaderTradeDelivery/>
        <ram:ApplicableHeaderTradeSettlement>
            <ram:InvoiceCurrencyCode>DKK</ram:InvoiceCurrencyCode>
            <ram:ApplicableTradeTax>
                <ram:CalculatedAmount>375</ram:CalculatedAmount>
                <ram:TypeCode>VAT</ram:TypeCode>
                <ram:BasisAmount>1500</ram:BasisAmount>
                <ram:CategoryCode>S</ram:CategoryCode>
                <ram:RateApplicablePercent>25</ram:RateApplicablePercent>
            </ram:ApplicableTradeTax>
            <ram:ApplicableTradeTax>
                <ram:CalculatedAmount>300</ram:CalculatedAmount>
                <ram:TypeCode>VAT</ram:TypeCode>
                <ram:BasisAmount>2500</ram:BasisAmount>
                <ram:CategoryCode>S</ram:CategoryCode>
                <ram:RateApplicablePercent>12</ram:RateApplicablePercent>
            </ram:ApplicableTradeTax>
            <ram:SpecifiedTradePaymentTerms>
                <ram:DueDateDateTime><udt:DateTimeString format="102">20130510</udt:DateTimeString></ram:DueDateDateTime>
            </ram:SpecifiedTradePaymentTerms>
            <ram:SpecifiedTradeSettlementHeaderMonetarySummation>
                <ram:LineTotalAmount>4000</ram:LineTotalAmount>
                <ram:TaxBasisTotalAmount>4000</ram:TaxBasisTotalAmount>
                <ram:TaxTotalAmount currencyID="DKK">675</ram:TaxTotalAmount>
                <ram:GrandTotalAmount>4675</ram:GrandTotalAmount>
                <ram:DuePayableAmount>4675</ram:DuePayableAmount>
            </ram:SpecifiedTradeSettlementHeaderMonetarySummation>
        </ram:ApplicableHeaderTradeSettlement>
    </rsm:SupplyChainTradeTransaction>
</rsm:CrossIndustryInvoice>
